{
  "centroids": [
    [
      0.0,
      0.0,
      651418.015846753,
      120.1235073376095,
      4095834.6278669685,
      101465.18888814113,
      2203109.9617256373,
      106.02980931163951
    ],
    [
      0.0,
      0.0,
      1739864666.6666665,
      0.02646233333331338,
      21010630000.0,
      168054233.3333333,
      10413399666.666668,
      14606.606666666665
    ],
    [
      0.0,
      0.0,
      217.94169999985024,
      117988.3,
      101.8378000035882,
      183.83909999998286,
      77.14375000074506,
      31.162249999999986
    ]
  ],
  "threshold": 0.37695707956522834,
  "features": [
    "temperature",
    "humidity",
    "co2",
    "co",
    "tol",
    "nh4",
    "ace",
    "o3"
  ]
}