{
  "centroids": [
    [
      27.37378640776699,
      59.929126213592234,
      5015.5525728155335,
      27.60381796116505,
      5360.914417475728,
      4441.836514563107,
      2761.7533592233012,
      3095.6517766990287,
      105.10706233009708,
      0.0,
      229.3382223300971,
      5.766990291262136,
      10.21359223300971,
      12.70873786407767
    ],
    [
      27.682242990654206,
      59.262616822429905,
      5674.276644859813,
      28.755577009345796,
      6147.804766355141,
      5151.594355140187,
      3072.942738317757,
      3578.717691588785,
      110.2915093457944,
      0.0,
      241.4418214953271,
      5.5514018691588785,
      9.878504672897195,
      12.177570093457945
    ],
    [
      27.508823529411764,
      59.652941176470584,
      7184.676705882353,
      34.32959705882353,
      7995.066529411764,
      6850.920470588235,
      3766.3022058823526,
      4728.769117647059,
      120.74970588235294,
      0.0,
      265.9922470588235,
      5.735294117647059,
      10.176470588235293,
      12.647058823529411
    ]
  ],
  "threshold": 3.379581306280046,
  "features": [
    "temperature",
    "humidity",
    "carbondioxide",
    "carbonmonoxide",
    "alcohol",
    "toluene",
    "ammonium",
    "acetone",
    "ozone",
    "nitrogendioxide",
    "chlorine",
    "pm1",
    "pm25",
    "pm10"
  ]
}